SNP,Chromosome,Position,P.value,maf,nobs,Rsquare.of.Model.without.SNP,Rsquare.of.Model.with.SNP,FDR_Adjusted_P.values,effect,percent_variation_explained,trait,loc,year,trait_abbrev,marker_name
S02_163115345,2,163115345,7.27E-05,0.112831858,1130,0.334020692,0.343375016,0.446861058,0.076313609,3.964942407,emergence_percent,STP,2017,EMP,EMP 17 & ANT 17
S02_178305818,2,178305818,0.000122802,0.155895197,1145,0.43684098,0.444151842,0.069979418,-0.050474291,0.580763246,emergence_percent,STP,2018,EMP,EMP 18
S05_209580093,5,209580093,0.000186841,0.025438596,1140,0.419811164,0.426968608,0.150967424,0.560547058,0.517528946,feekes_coded,STP,2017,ANT,ANT 17
S05_269372528,5,269372528,1.01E-06,0.025,1140,0.419811164,0.432126634,0.008039152,0.758715698,22.66565883,feekes_coded,STP,2017,ANT,ANT 17
S05_293089678,5,293089678,2.27E-05,0.025438596,1140,0.419811164,0.429031597,0.045213163,0.657120911,9.69420467,feekes_coded,STP,2017,ANT,ANT 17
S05_327412330,5,327412330,0.000172011,0.051965066,1145,0.43684098,0.443835314,0.075653622,-0.066142431,1.527708687,emergence_percent,STP,2018,EMP,EMP 18
S05_426524999,5,426524999,5.86E-05,0.25,1140,0.419811164,0.42809853,0.070924097,0.239388818,1.226480042,feekes_coded,STP,2017,ANT,ANT 17
S05_426524999,5,426524999,7.93E-05,0.249131944,1152,0.453617148,0.461064528,0.060412297,0.248242489,1.934108253,feekes_coded,STP,2018,ANT,ANT 18
S06_27073072,6,27073072,0.000112176,0.443362832,1130,0.334020692,0.342884089,0.446861058,-0.032485223,2.310123967,emergence_percent,STP,2017,EMP,EMP 17 & 18 - ANT 18
S06_445976596,6,445976596,9.55E-07,0.341048035,1145,0.43684098,0.448793781,0.001524334,-0.056362833,0.904047809,emergence_percent,STP,2018,EMP,EMP 18
S11_193858632,11,193858632,0.000141273,0.043231441,1145,0.43684098,0.444020115,0.075138414,0.070040344,0.630012529,emergence_percent,STP,2018,EMP,EMP 18 - ANT 18
S11_39753177,11,39753177,7.48E-05,0.052401747,1145,0.43684098,0.444618478,0.045934334,0.078497714,0.27236452,emergence_percent,STP,2018,EMP,EMP 18
S12_301921172,12,301921172,1.08E-07,0.025764192,1145,0.43684098,0.45091484,0.000430685,0.143991927,1.07446337,emergence_percent,STP,2018,EMP,EMP 18
S12_347517636,12,347517636,0.000157879,0.13231441,1145,0.43684098,0.44391575,0.075653622,0.051990103,0.331647628,emergence_percent,STP,2018,EMP,EMP 18
S18_112460873,18,112460873,1.28E-05,0.045414847,1145,0.43684098,0.446298231,0.011326577,-0.085516255,1.698242131,emergence_percent,STP,2018,EMP,EMP 18 - ANT 17
S21_131911561,21,131911561,4.70E-05,0.295614035,1140,0.419811164,0.428315179,0.070924097,-0.331259122,3.854609111,feekes_coded,STP,2017,ANT,ANT 17 & 18
S21_75063069,21,75063069,0.00019066,0.195196507,1145,0.43684098,0.443738813,0.075653622,0.051963525,2.647630755,emergence_percent,STP,2018,EMP,EMP 18
S02_245307556,2,245307556,2.73E-06,0.02175805,1149,0.256451468,0.27084146,0.021807172,0.190109527,5.777736371,emergence_percent,TLI,2017,EMP,EMP 17 - ANT 17
S06_470381731,6,470381731,1.96E-06,0.453043478,1150,0.419118759,0.430681926,0.015608675,0.280648211,3.273077391,feekes_coded,TLI,2018,ANT,ANT 18
S09_131144770,9,131144770,4.05E-05,0.253286591,1141,0.322358959,0.33245372,0.322822175,-0.064427743,2.267107805,emergence_percent,TLI,2018,EMP,EMP 18
S09_183303350,9,183303350,2.85E-05,0.022608696,1150,0.34161047,0.351728918,0.022728184,0.704287854,1.193201898,feekes_coded,TLI,2017,ANT,ANT 17
S11_75489017,11,75489017,0.000213003,0.161700263,1141,0.322358959,0.330563003,0.354787877,0.050872331,1.841640549,emergence_percent,TLI,2018,EMP,EMP 18
S16_397588073,16,397588073,6.59E-05,0.403043478,1150,0.34161047,0.350803123,0.039138753,0.21100227,0.778898282,feekes_coded,TLI,2017,ANT,ANT 17
S16_397627839,16,397627839,0.000202394,0.391304348,1150,0.34161047,0.349574284,0.084994934,-0.206225753,2.165594672,feekes_coded,TLI,2017,ANT,ANT 17
S17_317374690,17,317374690,3.91E-05,0.360748477,1149,0.256451468,0.267491843,0.104081053,0.050707377,2.025991458,emergence_percent,TLI,2017,EMP,EMP 17 & 18 
S17_321627073,17,321627073,8.40E-10,0.045652174,1150,0.34161047,0.36356044,6.70E-06,-0.762810712,2.903079922,feekes_coded,TLI,2017,ANT,ANT 17
S18_550223545,18,550223545,1.17E-05,0.16362054,1149,0.256451468,0.269007393,0.046586239,0.065893635,1.740759926,emergence_percent,TLI,2017,EMP,EMP 17
S18_560536334,18,560536334,1.42E-07,0.087826087,1150,0.34161047,0.357679683,0.000439038,-0.331082931,0.919861182,feekes_coded,TLI,2017,ANT,ANT 17
S21_121306193,21,121306193,0.000177663,0.017090272,1141,0.322358959,0.330768249,0.354787877,0.09748557,0.810072719,emergence_percent,TLI,2018,EMP,EMP 18