"SNP","Chromosome","Position","P.value","maf","nobs","Rsquare.of.Model.without.SNP","Rsquare.of.Model.with.SNP","FDR_Adjusted_P.values","effect","percent_variation_explained","trait","loc","year"
"Chr06_27073072",6,27073072,5.42628259306059e-05,0.443470639789658,1141,0.334708838552169,0.344289837704223,0.433342927881819,0.0333621655886369,2.34462412808728,"emergence_percent","STP","2017"
"Chr02_163115345",2,163115345,0.000116415389264412,0.111744084136722,1141,0.334708838552169,0.343435652909436,0.439668143859764,-0.0748058933125941,3.64864852133381,"emergence_percent","STP","2017"
"Chr05_392431630",5,392431630,0.000209437801985829,0.049079754601227,1141,0.334708838552169,0.342782101838431,0.439668143859764,-0.0702636604556437,1.62538375193383,"emergence_percent","STP","2017"
"Chr06_27073072",6,27073072,2.97778922007376e-10,0.441558441558442,1155,0.437098311751515,0.456803723162757,2.37865802899492e-06,0.0553181422548592,3.2711707636205,"emergence_percent","STP","2018"
"Chr06_445976596",6,445976596,7.98199730519076e-08,0.33982683982684,1155,0.437098311751515,0.451334839025797,0.000318800972369319,-0.060102756332026,1.04863576647083,"emergence_percent","STP","2018"
"Chr18_112460873",18,112460873,1.61870638455281e-05,0.045021645021645,1155,0.437098311751515,0.446244841883796,0.0143669184442309,-0.0849438558659226,1.69783818004748,"emergence_percent","STP","2018"
"Chr11_193858632",11,193858632,0.000134450286892136,0.045021645021645,1155,0.437098311751515,0.444257651373769,0.0722865191863784,-0.0693925460644791,0.583380835380299,"emergence_percent","STP","2018"
"Chr05_327412330",5,327412330,0.000135740834726549,0.0515151515151515,1155,0.437098311751515,0.44424875563908,0.0722865191863784,-0.0675080805895201,1.44073895826416,"emergence_percent","STP","2018"
"Chr12_347517636",12,347517636,0.000176245092880673,0.134199134199134,1155,0.437098311751515,0.444005873397026,0.082814458937107,0.0516221819846372,0.905236539285892,"emergence_percent","STP","2018"
"Chr21_75063069",21,75063069,0.000198608220852378,0.193506493506494,1155,0.437098311751515,0.443894947213987,0.0864400093438637,-0.0520226748184562,2.45531162341876,"emergence_percent","STP","2018"
"Chr02_178305818",2,178305818,0.000216424660350185,0.157142857142857,1155,0.437098311751515,0.443815248849762,0.0864400093438637,0.0485043306511379,0.839794166562369,"emergence_percent","STP","2018"
"Chr02_245307556",2,245307556,6.25773717108925e-06,0.021551724137931,1160,0.26327564234266,0.276368579831128,0.02675260463128,0.183647385970789,1.43904732593567,"emergence_percent","TLI","2017"
"Chr18_550223545",18,550223545,6.6965218100826e-06,0.163362068965517,1160,0.26327564234266,0.276284652827354,0.02675260463128,0.0674666313545536,1.75906607881513,"emergence_percent","TLI","2017"
"Chr17_317374690",17,317374690,5.6403388484074e-05,0.359913793103448,1160,0.26327564234266,0.273662856678774,0.150221024662584,-0.0501834321335863,2.00196317526619,"emergence_percent","TLI","2017"
"Chr16_326253169",16,326253169,0.000151811949678998,0.470258620689655,1160,0.26327564234266,0.272457773228305,0.289740408017367,-0.0451908879004641,1.66780011479618,"emergence_percent","TLI","2017"
"Chr13_347308338",13,347308338,0.000220437080427371,0.129741379310345,1160,0.26327564234266,0.272006390165998,0.289740408017367,-0.07994918581457,0.8166544215995,"emergence_percent","TLI","2017"
"Chr09_131144770",9,131144770,4.37231204534497e-05,0.255208333333333,1152,0.326141734487497,0.335995961925399,0.349347732423063,-0.0646659003969923,2.40660484884019,"emergence_percent","TLI","2018"
"Chr21_121306193",21,121306193,9.90234602379444e-05,0.0173611111111111,1152,0.326141734487497,0.335077063249455,0.370097864282103,0.0999253998961531,0.775096415657001,"emergence_percent","TLI","2018"
"Chr17_317374690",17,317374690,0.000153741149600929,0.359809027777778,1152,0.326141734487497,0.334585002598146,0.370097864282103,-0.0432736023251259,2.00625188124905,"emergence_percent","TLI","2018"
